7,angela@dundermifflin.com,Angela,t,f,en,Martin,pass,987654321,https://i.etsystatic.com/32551762/r/il/701cc5/3525927780/il_1588xN.3525927780_7lmz.jpg,angela
4,jim@dundermifflin.com,Jim,t,f,en,Halpert,pass,987654321,https://i.etsystatic.com/32551762/r/il/701cc5/3525927780/il_1588xN.3525927780_7lmz.jpg,jim
2,dwight@dundermifflin.com,Dwight,t,f,en,Kurt Schrute III,pass,987654321,https://i.etsystatic.com/32551762/r/il/701cc5/3525927780/il_1588xN.3525927780_7lmz.jpg,dwight
8,toby@dundermifflin.com,Toby,t,f,en,Flenderson,pass,987654321,https://i.etsystatic.com/32551762/r/il/701cc5/3525927780/il_1588xN.3525927780_7lmz.jpg,toby
6,kelly@dundermifflin.com,Kelly,t,f,en,Kapoor,pass,987654321,https://i.etsystatic.com/32551762/r/il/701cc5/3525927780/il_1588xN.3525927780_7lmz.jpg,kelly
10,ryan@dundermifflin.com,Ryan,t,f,en,Howard,pass,987654321,https://i.etsystatic.com/32551762/r/il/701cc5/3525927780/il_1588xN.3525927780_7lmz.jpg,ryan
1,admin@admin.com,admin,t,t,en,admin,admin,987654321,https://i.pinimg.com/736x/1a/e7/48/1ae748882f593391ef220a0b796d1ebc.jpg,admin
11,oscar@dundermifflin.com,Oscar,t,f,en,Martinez,pass,987654321,https://i.etsystatic.com/32551762/r/il/701cc5/3525927780/il_1588xN.3525927780_7lmz.jpg,oscar
3,pam@dundermifflin.com,Pam,t,f,en,Halpert,pass,987654321,https://i.etsystatic.com/32551762/r/il/701cc5/3525927780/il_1588xN.3525927780_7lmz.jpg,pam
12,meredith@dundermifflin.com,Meredith,t,f,en,Palmer,pass,987654321,https://i.etsystatic.com/32551762/r/il/701cc5/3525927780/il_1588xN.3525927780_7lmz.jpg,meredith
9,stantheman@dundermifflin.com,Stan,t,f,en,Hudson,pass,987654321,https://i.etsystatic.com/32551762/r/il/701cc5/3525927780/il_1588xN.3525927780_7lmz.jpg,stan
5,kevin@dundermifflin.com,Kevin,t,f,en,Malone,pass,987654321,https://i.etsystatic.com/32551762/r/il/701cc5/3525927780/il_1588xN.3525927780_7lmz.jpg,kevin
